,ratios,aapl,axp,pg
0,ratio_sharpe,1.77544679, 0.65802374, 2.78612867
1,ratio_sortino,1.495794617941468,2.408051948646746,0.80997992890952775
2,volatilidad,1.021601033735647198,2.02379036960365962,0.80972299586200132
3,rentab_anualizada,2.25628988, 1.2423123 , 0.7137994
4,entropia_muestreo,0.7786979530868049,1.25251815999411403,2.5477740971723211



